id,first_name,last_name,email,salary
1,Kristine,Mcmahon,hawkinsdiane@example.net,42478
2,Robert,Montgomery,asmith@example.com,58191
3,Christine,Austin,smedina@example.com,87948
4,Joshua,Cruz,mary33@example.com,68633
5,Nicole,Todd,bradleybryant@example.com,42254
6,Nicholas,Kline,jenniferevans@example.com,70166
7,Tracy,Walton,kenneth19@example.com,91830
8,Cindy,Pena,murphydeanna@example.org,60064
9,Joshua,Serrano,davidphillips@example.net,72239
10,Joseph,Robinson,sandra06@example.net,87451
11,Jeremiah,Martinez,allensamuel@example.net,99810
12,Stacy,Williams,paul24@example.net,86304
13,Jared,Meyers,justin57@example.org,83477
14,Melissa,Adams,paulward@example.net,46041
15,Randy,Davidson,elizabethnelson@example.com,52902
16,Cristian,Williams,garzakimberly@example.org,37350
17,Shane,Walker,ebradshaw@example.com,61962
18,Chase,Norris,shelby44@example.net,74557
19,Claudia,Wilkinson,carrielong@example.org,61686
20,Gregory,Cooke,jameswalton@example.com,52627
21,Sonia,Stafford,bjohnson@example.com,44368
22,Denise,Meadows,lejoann@example.net,99315
23,Lisa,Rodriguez,natashareed@example.org,81517
24,Sarah,Elliott,tthomas@example.org,35369
25,April,Campbell,diana93@example.net,89923
26,Linda,Butler,cheryl45@example.net,57566
27,Kyle,Reed,dhayes@example.com,38012
28,Melanie,Arnold,jonesregina@example.com,77314
29,Kathleen,Brown,jsmith@example.net,99197
30,Tiffany,Payne,brandon02@example.net,58660
31,Frederick,Richardson,hholmes@example.org,88044
32,Steven,Harper,bradley07@example.com,40793
33,Daniel,Bradshaw,dshields@example.net,87342
34,John,Myers,amanda63@example.net,35715
35,Marcus,Roberts,taylor60@example.net,48932
36,Jared,Rogers,tbutler@example.org,91478
37,John,Wagner,lauramaldonado@example.org,86959
38,Eric,Hale,millernancy@example.com,48700
39,Stephanie,Phillips,xcarter@example.net,68936
40,Stephanie,Hooper,vegalinda@example.com,65854
41,Dakota,Gordon,bradleyclark@example.net,80870
42,Jenna,Brown,emccoy@example.com,56057
43,Eileen,Wade,alan79@example.net,88636
44,Barry,Martinez,nguyenderek@example.net,85685
45,Julia,Jackson,chriswilson@example.com,56500
46,Lauren,Davis,ymiller@example.com,31176
47,Sean,Bartlett,susanjones@example.com,58253
48,Lisa,Gonzales,bstewart@example.com,36579
49,Brittany,Reyes,youngmarvin@example.org,59842
50,Zachary,Cooper,george82@example.net,54488
51,Cassandra,Mcintyre,brian86@example.org,51864
52,Juan,Reese,brittany03@example.com,89807
53,Christian,Perez,owarner@example.org,44658
54,Alexis,Foley,owensdawn@example.net,71969
55,Taylor,Washington,matthewmarshall@example.net,44353
56,Mary,Morris,wrightcarlos@example.org,66292
57,Rose,Underwood,jasminetaylor@example.com,62906
58,Joseph,Ellis,smithmegan@example.org,61938
59,William,Allen,lsmith@example.net,96147
60,Jeremy,Gonzalez,gregorygregory@example.org,48935
61,Anthony,Sanchez,jameshill@example.org,89718
62,Suzanne,White,stacey78@example.com,53170
63,Connor,Schwartz,fowlerleslie@example.org,63441
64,Danielle,Gonzalez,roberto97@example.com,75333
65,Brian,Jenkins,dunnpeggy@example.org,53898
66,Amy,Brown,dorismurray@example.org,82665
67,Jackson,Young,mnguyen@example.org,78337
68,Jennifer,Wilson,lisawilliams@example.net,91794
69,Jose,Jackson,ngross@example.com,45992
70,Donna,Rogers,moralespeter@example.com,30934
71,Adriana,Adams,nicholas92@example.org,83144
72,Howard,Mills,waynepeterson@example.net,82042
73,Alexandra,Rich,mary24@example.org,55595
74,Bobby,Olson,donna56@example.net,80257
75,Jason,Kennedy,meyermary@example.org,64685
76,Cynthia,Williams,maryyates@example.org,72820
77,Marie,Ramirez,brandongutierrez@example.net,32121
78,David,Clements,katrinamiller@example.net,86354
79,Samantha,Clark,juliehowell@example.com,81756
80,Angela,Simpson,cooperderek@example.org,96579
81,Jackson,Brown,marvin98@example.org,58193
82,Daniel,Ross,deborah91@example.org,99630
83,Brittany,Lucas,victoriaflores@example.org,33298
84,Melissa,Hayden,kdoyle@example.org,78274
85,Gregory,Murray,donald97@example.com,73502
86,Peter,Barnett,ncastillo@example.net,38499
87,Ronald,Matthews,qponce@example.net,38663
88,Nicole,Marshall,bruce01@example.net,39026
89,Elizabeth,Costa,mirandaanna@example.org,44860
90,Mary,Henderson,pottswendy@example.net,67693
91,Regina,Cervantes,nicolejohnson@example.com,80391
92,Gail,Evans,matthewwarner@example.net,45775
93,Jennifer,Nelson,ramosmason@example.com,57465
94,Christopher,Lee,valdezrobert@example.com,66773
95,Paul,Thompson,tammy73@example.com,44652
96,Jesus,Schwartz,mlopez@example.net,64174
97,John,Savage,ebonilla@example.org,74699
98,James,Holloway,gmartinez@example.org,98891
99,Heather,Carpenter,angela81@example.net,59376
100,Joseph,Wilkinson,zcline@example.net,38436
101,Gregory,Olson,jeffreybentley@example.com,92103
102,Tammy,Lopez,chandlerharry@example.com,47576
103,Aimee,Thomas,erin12@example.org,56276
104,Stephanie,Green,salazarveronica@example.net,78283
105,Amy,Jones,edward66@example.org,83529
106,James,Hale,maddendawn@example.com,37234
107,Paul,Garcia,mary05@example.com,77350
108,Wanda,Morgan,jody42@example.net,53983
109,Ashley,Jackson,yvasquez@example.com,94739
110,Victoria,Warren,edwardfranco@example.org,54921
111,Joshua,Payne,richardhanna@example.org,99590
112,John,Gilbert,sherry93@example.com,30854
113,Jennifer,Ayers,dylan71@example.org,93561
114,Brian,Miller,edwardsadam@example.net,30046
115,Christopher,Anderson,frankkathleen@example.org,83752
116,Jasmine,Williams,martinezangela@example.org,51024
117,Jacob,Price,eric49@example.com,86062
118,Patricia,Harris,roblesernest@example.org,65518
119,John,Chen,ewilliams@example.org,72791
120,Kristine,Martin,balladrian@example.org,52538
121,Lindsay,Valentine,linda03@example.com,62746
122,Michael,Dillon,spearson@example.net,34412
123,Tanya,Riley,clarkdenise@example.org,37621
124,Julie,Dixon,hurstdanielle@example.net,90388
125,Katie,Villanueva,andrea29@example.com,45541
126,Joshua,Turner,christopherwatkins@example.com,97420
127,Denise,Young,jason99@example.org,61810
128,Henry,Cochran,christina46@example.com,43454
129,Jason,Rose,haleywilliam@example.org,98472
130,Larry,Christian,katherine69@example.net,50811
131,Nathan,Manning,rsmith@example.org,71511
132,Jason,Martinez,christina68@example.net,43878
133,Sally,Hall,catherineyoung@example.org,91842
134,Katelyn,Martin,fullercarlos@example.org,62633
135,Derek,Ellis,jessepatterson@example.org,72358
136,Brian,Willis,brettcasey@example.com,69090
137,Candace,Harris,hicksjohn@example.org,98384
138,Katelyn,Madden,njackson@example.org,63685
139,Erin,Graham,jamie22@example.net,37766
140,Joann,Williams,yhenderson@example.com,58488
141,Christopher,Bruce,kellyrios@example.net,61109
142,Gail,Gutierrez,rachel53@example.org,46320
143,Ethan,Wright,karen59@example.org,39825
144,Anna,Austin,sarahdelacruz@example.org,80530
145,Christine,Howe,jake70@example.net,92571
146,Derrick,Watson,andrew27@example.net,79959
147,Carolyn,Young,smithsandra@example.net,84500
148,Kristen,Irwin,mullinssierra@example.net,51270
149,Kathy,Thompson,crawfordian@example.org,83776
150,Renee,Miller,jessicaklein@example.com,58965
151,Michele,Reyes,molly05@example.org,82605
152,Michelle,Boone,billyharris@example.org,63897
153,Jimmy,Shaffer,john07@example.net,61802
154,Frank,Pena,grantmichele@example.org,85959
155,Richard,Baker,williamsbenjamin@example.net,69445
156,Mary,Gomez,vanessa19@example.org,89504
157,Caleb,Kerr,cervantesdaniel@example.net,54298
158,Keith,Brooks,psmith@example.net,63845
159,Robert,Hansen,cameroncollins@example.net,96693
160,Jacob,Crawford,ibrock@example.net,51311
161,Michael,Chung,katie29@example.com,49438
162,Rachael,Grant,jeffrey86@example.net,34498
163,Stephanie,Parker,walter49@example.com,89222
164,Kaitlyn,White,halldawn@example.com,88337
165,Michelle,Francis,rushbrian@example.com,69637
166,Diana,Robbins,hunter11@example.com,97613
167,Eric,Flowers,eric50@example.org,58936
168,Michelle,Rhodes,ehunt@example.org,31744
169,Lisa,Cox,handerson@example.com,86619
170,Cindy,Gutierrez,brianyoung@example.org,49522
171,Kevin,Good,mpowell@example.org,80822
172,Pamela,Middleton,morgankevin@example.org,40829
173,Anthony,Price,hwright@example.com,78281
174,Dwayne,Smith,anthonylivingston@example.net,90374
175,Jackie,Love,carolinesmith@example.org,41318
176,Candice,Ford,monicagonzalez@example.com,66036
177,Joseph,Stephens,colemanrebecca@example.net,49842
178,Rhonda,Murphy,rwest@example.net,32828
179,Ryan,Chen,kpeters@example.net,95503
180,Glenn,Cooper,robertdavis@example.net,94805
181,Jennifer,Burns,doughertyyvonne@example.net,30600
182,Dennis,Rogers,walter01@example.com,30440
183,Jonathan,Nelson,wfox@example.com,95160
184,Joshua,Cooke,alicia61@example.com,94107
185,Stephen,Baker,lindahoffman@example.org,95682
186,Blake,Garcia,kirbyjoshua@example.net,53565
187,Lance,Berg,jamie29@example.net,58207
188,Joseph,Evans,nwilliamson@example.org,68136
189,David,Marquez,jacqueline69@example.org,71347
190,Alexander,Black,cheryl03@example.net,37363
191,Katie,Singh,alyssa51@example.net,56652
192,Robert,Robinson,pcarroll@example.org,85144
193,Gail,Johnson,brettbradford@example.org,33372
194,Scott,Elliott,williamschultz@example.net,52954
195,Kylie,Skinner,howard85@example.org,90139
196,Melissa,Burch,wanda59@example.org,31359
197,Eric,Lambert,myersalison@example.org,68057
198,Derek,Kelley,grantchristopher@example.org,40091
199,Anne,Johnson,emily89@example.net,49376
200,Shelby,Sutton,lporter@example.net,67299
201,Meghan,Gonzalez,djohnson@example.net,82762
202,Joseph,Farrell,jason68@example.org,35332
203,Jeremy,Jackson,wbarr@example.net,39008
204,Barbara,Henry,olivia18@example.org,38283
205,Diane,Williams,csmith@example.net,95743
206,Nicholas,Todd,thomasgabriel@example.org,39719
207,Denise,Schwartz,marysmith@example.com,87634
208,Edward,Doyle,christianhoffman@example.net,58076
209,Angelica,Hunter,julie78@example.net,91249
210,Kyle,Wilkins,mauricemills@example.org,98943
211,Natasha,Wu,brianadixon@example.net,59974
212,Jessica,Evans,cbell@example.org,50798
213,Christina,Reese,edwardsrobert@example.com,60362
214,Adam,Moore,hjones@example.com,78966
215,Kevin,Rojas,ritterrobert@example.net,65272
216,Mallory,Mcmillan,julian10@example.net,30018
217,Ronald,Rogers,vrobertson@example.com,36353
218,David,Johnson,michelle85@example.org,62164
219,Timothy,Hebert,toddlam@example.com,57022
220,Paul,Bennett,tamaramcdowell@example.org,79706
221,Jesse,Aguirre,jeremy03@example.com,77370
222,Ernest,Shaw,laura57@example.com,51824
223,Adam,Williams,pamelarivera@example.org,45869
224,John,Brady,knewman@example.org,71841
225,April,Khan,barronmary@example.net,45136
226,Lauren,Byrd,robert87@example.org,55040
227,Colin,Gilbert,amanda49@example.com,48606
228,Kristin,Lin,daniel81@example.org,45095
229,Daisy,Herrera,vaughanjacqueline@example.org,30327
230,Shane,Sanders,gordonmartin@example.com,82440
231,John,Smith,brittany92@example.net,95199
232,Mary,Scott,wendyprince@example.org,89478
233,Tammy,Lin,wkey@example.net,68524
234,Angela,Nichols,harriskimberly@example.com,96958
235,Diana,Mcguire,natalieward@example.com,87075
236,Stephanie,Sandoval,hobbscandace@example.net,53365
237,Sandra,Davis,kari74@example.org,55624
238,Justin,Jones,jonesandrew@example.com,87634
239,Douglas,Sanchez,jonathanbartlett@example.net,40937
240,John,Porter,lewiserica@example.org,55004
241,Christian,Mccann,kiaragardner@example.com,47293
242,Terri,Kent,michaelmcguire@example.net,85237
243,Benjamin,Rodriguez,johnsonjason@example.net,59598
244,Sandy,Chase,andrew77@example.com,50619
245,Darryl,Herman,bryantbrandon@example.net,79007
246,Jason,Johnson,diazrachel@example.net,46200
247,Jessica,Lane,emily60@example.org,45353
248,Tony,Young,emartin@example.net,68781
249,Tiffany,Todd,mayerdaniel@example.net,56611
250,Andrew,Williams,rossjeffrey@example.net,69792
251,Derek,Fletcher,dtaylor@example.org,95049
252,Victoria,Riley,spencerdurham@example.org,57149
253,Luis,Johnson,shannonlewis@example.com,95726
254,Patrick,Carpenter,dominguezsamantha@example.org,52507
255,Matthew,Rhodes,gutierrezsherry@example.com,56772
256,Aaron,Bates,timothywilliams@example.net,51106
257,Darrell,Dunn,sydney10@example.com,96768
258,Kayla,Morris,richardmarsh@example.net,33380
259,Amanda,Joyce,qramsey@example.com,64889
260,Kara,Hughes,burkeamanda@example.net,99200
261,Gina,Carney,xbell@example.com,72130
262,Jane,Schaefer,bryan36@example.com,98126
263,Michael,Blankenship,andresmith@example.org,73082
264,Dana,Lopez,smithruth@example.org,35309
265,James,Jackson,johnathanbrown@example.net,71094
266,Joe,Lopez,michael28@example.com,79651
267,Jacob,Cain,kathryn02@example.com,67768
268,Christopher,Patrick,belinda49@example.net,60531
269,Eric,Cohen,wjones@example.com,75374
270,Alfred,Carlson,jason54@example.com,69320
271,Allison,Cortez,brian59@example.net,93492
272,Benjamin,Martin,natasha19@example.net,61265
273,Jill,Lewis,earlnelson@example.com,88360
274,Gregory,Castillo,wschmidt@example.net,40208
275,Elizabeth,Morales,sloanjoseph@example.com,68498
276,Brittany,Torres,cmorgan@example.com,36219
277,Kaitlyn,Simmons,rachel27@example.com,92782
278,Anthony,Fletcher,sullivanmorgan@example.net,99945
279,Jose,Bruce,amanda04@example.net,91904
280,Stacey,Smith,diazdonald@example.net,77279
281,Theresa,Lopez,hunterwilliam@example.org,30183
282,Peter,Matthews,lmosley@example.net,67170
283,Sharon,Hunt,johnstondanielle@example.org,82183
284,Eric,Reynolds,briannarogers@example.com,70292
285,Michael,Harris,nathan81@example.net,60775
286,Zachary,Howell,arussell@example.net,37481
287,Melissa,Wood,tle@example.com,94960
288,Jenna,Carr,katherine21@example.com,67964
289,Matthew,Martinez,anthonyortega@example.net,85926
290,Alison,Munoz,zramirez@example.net,81844
291,Caitlin,Harmon,batkins@example.org,33866
292,Sarah,Howard,mary30@example.org,31277
293,Beth,Franklin,amiles@example.net,57875
294,Renee,Smith,diana35@example.net,99508
295,Holly,Sanders,smithchad@example.org,46274
296,Erik,Ramos,adamlandry@example.com,77237
297,Vincent,Moon,clinechristopher@example.org,67601
298,Rachael,Griffin,lwilliams@example.com,64880
299,Teresa,Arnold,byrdterri@example.org,73569
300,Nicholas,Smith,victoria91@example.net,71311
301,Shelly,Oneal,taylorfoster@example.org,95661
302,Mike,Moore,andrewarias@example.org,74723
303,Jill,Rogers,lmeyer@example.net,85946
304,Karen,Martin,andrealawrence@example.org,74582
305,Katherine,Collier,daviddecker@example.com,74875
306,Stephanie,Edwards,toddwilliams@example.com,85022
307,James,Rodgers,wilsonchristopher@example.org,96660
308,Jasmine,Evans,matthewclark@example.org,47221
309,Anna,Cruz,matthew56@example.net,43972
310,Phyllis,Gates,williamrichardson@example.net,71628
311,Maureen,West,seanosborne@example.com,33982
312,Alexandria,Anderson,michael25@example.net,83089
313,Brianna,Brooks,xreed@example.net,79277
314,Heather,Smith,andrewwilliamson@example.net,84671
315,Michael,Bush,stephencoleman@example.com,78339
316,Karen,Schmidt,john22@example.org,53568
317,Raven,Curry,btorres@example.com,85304
318,Gregory,Tapia,richardsondebra@example.com,41984
319,Stacey,Wells,chelseatownsend@example.org,65752
320,Victoria,Anderson,jessicamorales@example.net,55480
321,Ashley,Allen,hmyers@example.net,32640
322,Miguel,Hernandez,riverajason@example.net,36627
323,Jonathan,Le,vguerra@example.net,63760
324,Elizabeth,Campos,lawsondiana@example.org,95083
325,Abigail,Craig,alexanderramirez@example.net,90074
326,Christopher,Perez,vhardin@example.net,83268
327,Christopher,Pierce,michaeljames@example.org,57872
328,Megan,Smith,fmyers@example.net,84799
329,Daniel,Henderson,xayala@example.org,67539
330,Tommy,Simpson,ann12@example.com,68101
331,Sheri,Perry,jamesbennett@example.org,93870
332,Mark,Leon,andrew61@example.net,52145
333,Patricia,Grimes,schneiderkim@example.org,63822
334,Melissa,Ramirez,sophiarose@example.org,82316
335,Erin,Smith,lindapham@example.net,39169
336,Phillip,Rodriguez,edwardsdeborah@example.net,40150
337,Cynthia,Franklin,pamela61@example.net,80601
338,Brian,Flores,thomasrobinson@example.org,43094
339,Rachel,Roberts,ymoore@example.org,67184
340,Lori,Morris,timothy33@example.org,98620
341,William,Moreno,hufftom@example.org,56420
342,Jackie,Jones,mary42@example.net,66094
343,Angela,Salazar,pennygraham@example.org,77679
344,David,Crosby,kimberlyharper@example.org,86099
345,Alicia,Garcia,qgonzalez@example.com,62859
346,Teresa,Obrien,mallen@example.net,54600
347,Robert,Fernandez,kperez@example.net,83981
348,Anthony,Moyer,tbarber@example.com,99783
349,Jennifer,Nguyen,qmoran@example.com,84745
350,Caitlin,Lewis,kelsey10@example.com,95626
351,Natalie,Moreno,kim55@example.org,38608
352,Aimee,Hensley,noah23@example.com,55071
353,David,Tate,zachary14@example.com,52328
354,James,Hunter,tylerbryant@example.net,96987
355,Jason,Long,zrhodes@example.com,59216
356,Michael,Weaver,manuelspencer@example.com,31704
357,Regina,Mccullough,mccarthykimberly@example.com,85171
358,Derrick,Clark,simsolivia@example.net,89822
359,Allison,Bowers,christine60@example.com,48413
360,David,Lawson,jmclaughlin@example.com,74763
361,Garrett,Welch,krodriguez@example.com,38383
362,Vanessa,Hinton,heather03@example.com,82306
363,Matthew,Cooley,perkinsallison@example.net,55611
364,Brittany,Woods,brucecase@example.com,93211
365,Lori,Allen,crystal28@example.com,41582
366,Denise,Barnes,slara@example.net,69746
367,Henry,Jones,gregorychung@example.net,38120
368,Katrina,Deleon,thompsonchristina@example.org,54175
369,Steven,Glass,angelasmith@example.org,72318
370,Nicholas,Morrison,knguyen@example.net,35130
371,Kimberly,Cochran,iwilliams@example.org,90433
372,Steven,Gardner,fwright@example.net,76264
373,David,Pham,carlos40@example.org,78074
374,Robert,Dickson,karenmassey@example.com,57989
375,Richard,Mason,regina84@example.com,52655
376,Dakota,Yoder,acooper@example.net,78518
377,Bryan,Morales,tammy12@example.org,87796
378,Jennifer,Jones,davidthomas@example.org,41939
379,Michael,Sanders,david78@example.com,48590
380,Christopher,Weaver,elizabethjones@example.net,98510
381,Rebecca,Hansen,brocktodd@example.org,54366
382,Sonya,David,matthewmercer@example.org,66246
383,Troy,Cabrera,vargasdebra@example.net,52332
384,James,Roberts,jonesjustin@example.net,93335
385,Jennifer,Black,ramirezsteve@example.net,72228
386,Taylor,Yu,klyons@example.com,91640
387,Natalie,Nguyen,santiagovincent@example.net,33898
388,Billy,Hanson,grahamalicia@example.org,66789
389,Sara,Fisher,mclaughlindawn@example.org,34009
390,Howard,Stewart,jacksondiamond@example.net,89768
391,Lori,Brown,bellkathy@example.com,63249
392,Nancy,Moore,nathan00@example.net,93291
393,Mary,Brown,jharrell@example.net,93758
394,Lance,Lester,kochoa@example.org,60127
395,Victor,Evans,welchanthony@example.net,91248
396,Allison,Williams,ebaldwin@example.net,59337
397,Garrett,Mathis,keithparker@example.com,43254
398,Kristen,Benjamin,stephen16@example.net,66722
399,Shane,May,dvargas@example.org,69686
400,Mackenzie,Thompson,jerry43@example.net,96956
401,Joshua,Hall,sarah10@example.net,68343
402,Douglas,Shaw,jeremy45@example.org,74988
403,Christine,Watkins,ppayne@example.com,71055
404,Cheryl,Johnson,jamie15@example.net,72491
405,Amanda,Chan,deborahreed@example.org,53105
406,Ray,Watson,lroberson@example.org,76142
407,Frances,Walters,jennifer73@example.com,43447
408,Melissa,Nicholson,amycompton@example.org,41673
409,Stacy,Brown,julieclark@example.net,89840
410,Nicholas,Mendoza,jamesmiller@example.org,52999
411,James,Lewis,achambers@example.com,79819
412,Brad,Miller,carlsmith@example.com,54252
413,Kelsey,Bennett,rickeysmith@example.net,59303
414,Alyssa,Duarte,virginia76@example.org,69381
415,Mary,Becker,stewarterica@example.net,36328
416,Steven,Mack,lauramoore@example.com,68167
417,Monica,Martinez,stephenhutchinson@example.com,95959
418,Jill,Massey,hillstephanie@example.com,45669
419,Kimberly,Flynn,matthewparsons@example.com,95172
420,Julie,Mendoza,gwhite@example.net,97751
421,Courtney,Mathis,rodriguezcathy@example.com,54815
422,David,Allison,michellewilson@example.net,74974
423,Melissa,Ortega,lkeller@example.com,45686
424,Nicholas,Singleton,angela19@example.net,30949
425,Carmen,Fox,qjohnson@example.net,60615
426,Amber,Boyd,gregorywells@example.net,85777
427,Leah,Hernandez,aprilcopeland@example.org,48571
428,Jennifer,Hurley,ryan66@example.com,47507
429,Michael,Walker,romerosergio@example.net,95907
430,Christina,Harper,rebeccavasquez@example.org,87392
431,Amber,Lindsey,ronnie25@example.org,91583
432,Maria,Brown,laurie08@example.net,70429
433,Raymond,Sanchez,xwilkerson@example.com,34788
434,Bethany,Lee,richardflores@example.org,85821
435,Joshua,Watson,gmcdonald@example.org,88733
436,Jose,Williams,rroberts@example.org,43575
437,Jessica,Leonard,murphythomas@example.org,49716
438,Drew,Calderon,agarcia@example.net,98148
439,Brittany,Morrison,chadrichmond@example.net,77260
440,Antonio,Campbell,duncansusan@example.com,72076
441,Jill,Salazar,haynesmary@example.com,93869
442,Margaret,Morris,gardnerlynn@example.net,85554
443,Susan,Barnes,joshua38@example.org,99028
444,Gloria,Rogers,barrsydney@example.org,33933
445,Amber,Levy,slawrence@example.com,40338
446,Rebecca,Mullins,urivera@example.com,69752
447,Becky,Ingram,christensenjoshua@example.com,86965
448,Kathleen,Wallace,dwilliams@example.com,98564
449,William,Roy,ofrank@example.com,61090
450,Jennifer,Buckley,tbrooks@example.org,68391
451,Leon,Hughes,zallison@example.com,71651
452,Felicia,Stuart,lisarichardson@example.org,32864
453,Patricia,Franklin,gibbsjeffrey@example.org,31369
454,Christine,Mclaughlin,david98@example.com,57937
455,Sarah,Wallace,larsontyler@example.net,89578
456,Pamela,Yu,smcmahon@example.com,83602
457,Elizabeth,Simpson,pstone@example.net,50401
458,Peter,Jenkins,colejames@example.org,99903
459,Sandra,Pace,nathan45@example.net,80560
460,Christina,Vasquez,tiffany29@example.org,71625
461,Ellen,Wagner,ronnie54@example.com,79296
462,Jacqueline,Collins,keithhicks@example.com,90278
463,Lisa,Martin,dmccormick@example.com,44270
464,Sheila,Perez,jake33@example.com,61577
465,Edward,Kramer,nancymorgan@example.com,65236
466,Felicia,Wyatt,davisstephanie@example.com,81740
467,Leslie,Thompson,navila@example.org,99367
468,Lauren,Thomas,deaneric@example.net,58046
469,Janet,Sanchez,lopezsheila@example.net,41280
470,Nathaniel,Callahan,dtorres@example.org,70915
471,Jason,Hall,alan85@example.com,60685
472,Toni,Howell,bellkaren@example.net,54654
473,Kristina,Harding,wturner@example.com,69684
474,Dawn,Wood,joel43@example.net,45918
475,Lauren,Lewis,uwhitaker@example.com,56591
476,Kimberly,Coffey,darrengomez@example.org,94865
477,Matthew,Phillips,rmiller@example.org,67699
478,Edward,Ward,loriperez@example.com,49747
479,Jill,Harris,angelagillespie@example.net,89515
480,Nicholas,Peck,lwells@example.net,59361
481,Matthew,Mason,karenjohnson@example.com,70362
482,Jeffrey,Martinez,samuelchan@example.com,71313
483,Ashley,Dunlap,richardsonsteven@example.net,86669
484,Kimberly,Robinson,tina12@example.com,92639
485,Andrew,Sutton,trodriguez@example.net,38990
486,Jeremy,Hawkins,evancampos@example.com,88728
487,Kaitlin,Wright,williamsheather@example.org,38593
488,Omar,Baldwin,huntjohn@example.net,79212
489,Sarah,Stewart,nathanmcdaniel@example.org,94597
490,Kristin,Jones,iwright@example.org,85152
491,Christine,Thomas,garrisonregina@example.net,48919
492,Andrea,Cobb,chad63@example.net,69107
493,Christopher,Perez,mwood@example.com,38431
494,Thomas,Armstrong,ortegaantonio@example.org,91263
495,Aaron,Baker,heathermartin@example.com,45755
496,Rebecca,Hart,cameronjohnson@example.com,30266
497,Michelle,Brown,joneskenneth@example.net,64576
498,Ashley,Jenkins,loweamy@example.com,70085
499,Alexandra,Crawford,mckinneymatthew@example.com,71959
500,John,Carroll,james03@example.net,72531
501,Brandon,Mendez,laura49@example.com,93961
502,Madison,Rodgers,hannah27@example.org,55554
503,Larry,Owens,christine40@example.com,87166
504,Daniel,Rogers,haynesanthony@example.com,99682
505,Regina,Garcia,lynchalex@example.org,65477
506,Julie,Davis,matthew30@example.com,94429
507,Julie,Fields,jacquelineriggs@example.net,99234
508,Robert,Lee,reynoldsryan@example.net,44396
509,William,Pena,tracy14@example.com,30086
510,Gail,Lane,pflores@example.org,71136
511,Melissa,Walsh,kevans@example.com,69605
512,Sean,White,miguel22@example.net,54556
513,Amy,George,xbrady@example.com,98610
514,Catherine,Brown,moorechristine@example.org,93834
515,Amy,Mullen,darrylbrown@example.com,52986
516,Amber,Castillo,ocampbell@example.org,44480
517,Elizabeth,Gregory,brownamanda@example.org,93308
518,Katherine,Molina,williamsarthur@example.org,94120
519,Rachel,Lewis,benjaminperez@example.org,72550
520,Gary,Wiggins,rbishop@example.net,97985
521,Michelle,Maynard,petersonpatrick@example.org,69072
522,Michael,Black,john80@example.org,96612
523,Amber,Davidson,zlee@example.net,51748
524,Jody,Russo,sherrygriffin@example.org,81380
525,Colin,Quinn,obrienalyssa@example.org,81500
526,Jared,Richardson,morgansusan@example.com,38162
527,Dale,Foster,leroybenjamin@example.org,77095
528,George,Miller,ramseyrachel@example.org,32259
529,Adam,Perez,pschneider@example.com,61859
530,Jose,Smith,twhite@example.net,75227
531,Katie,Rivera,maxwelldelgado@example.net,83010
532,Mallory,Jacobs,vjackson@example.net,81332
533,Michele,Kramer,morganowens@example.net,91647
534,Kara,Hines,cpatterson@example.org,97720
535,Nicholas,Brown,traviskevin@example.net,97561
536,Robert,Davis,harveycassandra@example.com,53972
537,Kellie,Jones,beth38@example.net,82478
538,Chelsea,Smith,omedina@example.com,90121
539,Katelyn,Carr,toddsummers@example.com,74955
540,Ebony,Jenkins,lweaver@example.com,85516
541,Robert,Wolfe,michaelroberts@example.net,43313
542,Janet,Kelley,carmen56@example.net,69525
543,Johnathan,Avila,shannon07@example.org,66673
544,Jeff,Martin,qsmith@example.com,43495
545,Robert,Taylor,mrosario@example.net,79725
546,Katherine,George,pburns@example.org,71673
547,Lisa,Johnson,smithkatie@example.com,49727
548,Brandon,Williams,crobertson@example.net,77190
549,Richard,Wilson,ricardo18@example.net,34463
550,Lauren,Burton,smithamy@example.com,46517
551,Bobby,Sutton,smithmanuel@example.net,58839
552,Christian,Ramirez,cowanbrandi@example.net,69497
553,John,Watson,jennifercohen@example.com,93811
554,Manuel,Blevins,lindseyrobert@example.org,47953
555,Joshua,Mitchell,njefferson@example.net,84272
556,Jasmine,Rivas,amartinez@example.com,39011
557,Caroline,Riddle,april19@example.org,42696
558,John,Faulkner,shane92@example.org,71120
559,Katie,Reed,jessicaball@example.com,61989
560,Tina,Howell,ncarney@example.net,67522
561,Daniel,Nolan,carlosweiss@example.com,85694
562,Jennifer,Bowman,leonard65@example.com,83512
563,Amy,Young,rbowman@example.net,83578
564,James,Ball,jeffreymiller@example.com,54072
565,Brady,Hubbard,stephendelgado@example.net,52128
566,Elizabeth,Gonzales,hendricksdarrell@example.org,86615
567,Melinda,Henry,ajackson@example.org,78329
568,Tina,Flores,aellison@example.net,41217
569,Kristine,Lee,ayates@example.com,30787
570,Maria,Walker,robertharvey@example.org,95809
571,Spencer,Wu,holtjack@example.com,78747
572,Brian,Smith,jeremy03@example.org,66866
573,Edward,Robinson,kaitlyn57@example.org,50679
574,Susan,Johnson,jessicayoung@example.net,87932
575,Jonathan,Schroeder,mariahleach@example.org,51231
576,Michele,Macias,jenniferkelly@example.com,75906
577,Molly,Foster,ronniegallegos@example.org,64390
578,Ronald,Green,richard78@example.com,58014
579,Harold,Green,logan23@example.net,61598
580,Erin,Singleton,manningdaniel@example.net,72161
581,Lisa,Cox,davidwise@example.org,67263
582,Matthew,Leonard,cathyalvarez@example.com,89104
583,John,Merritt,anthony57@example.net,61158
584,Michelle,Brown,davisamy@example.org,77993
585,Samantha,Moore,longlindsey@example.com,86963
586,Robert,Leonard,gibbsjoanna@example.org,86330
587,Eddie,Holt,andrea21@example.org,74914
588,John,Perez,rhunter@example.net,92715
589,Julie,Miranda,ehobbs@example.org,56630
590,Carl,Singleton,farcher@example.net,82630
591,Eddie,Parker,stephanie29@example.net,84852
592,William,Harrison,scottrangel@example.org,72536
593,Pamela,Suarez,lynchnathan@example.com,84538
594,Elijah,Jones,jennifer65@example.net,53780
595,Elizabeth,Day,pschultz@example.com,84107
596,Barbara,Morgan,jesse20@example.com,50171
597,Beth,Garrett,wgallagher@example.com,65747
598,Melody,Vasquez,zmalone@example.net,49680
599,Tonya,Gonzalez,browneric@example.com,47107
600,James,Williams,ismith@example.org,73735
601,Tyler,Rodriguez,brittanyperry@example.org,43582
602,Laura,Raymond,jennifergreen@example.com,92732
603,Alicia,Taylor,jameskirby@example.org,66343
604,Kenneth,Donovan,simsryan@example.com,58322
605,Dustin,Mcdonald,nicholas62@example.com,44775
606,William,Fleming,tonymason@example.com,93276
607,Cynthia,Torres,angela04@example.com,62613
608,Michael,Graves,dnichols@example.com,45237
609,Richard,Hernandez,connortaylor@example.org,39238
610,Steven,Butler,wjefferson@example.com,46226
611,Stephanie,Tran,walkerapril@example.com,60834
612,Jacob,Mccoy,rosariojennifer@example.com,69390
613,Gregory,Brock,vmclaughlin@example.com,46012
614,Sara,Clark,yateslisa@example.com,87138
615,Michelle,Smith,monica08@example.org,80010
616,Jonathan,Mcbride,burnsbreanna@example.com,44722
617,Collin,Alvarez,hthornton@example.org,77231
618,Kathryn,Burgess,stanleyaustin@example.net,87381
619,Russell,Hill,chrissnyder@example.com,54938
620,Timothy,Rios,raymondjackson@example.com,99934
621,Kayla,Miller,travismarc@example.org,44728
622,Holly,Hahn,fmartin@example.com,89771
623,Zachary,Brown,npadilla@example.net,59018
624,Mario,Holder,ashleyarnold@example.com,50375
625,Jeff,Golden,gomezcristina@example.com,31605
626,Craig,Sullivan,melissasosa@example.com,63319
627,Evelyn,Williams,cookeveronica@example.com,41843
628,Michael,Oliver,petersnicholas@example.net,88199
629,Jamie,Garza,martinrebecca@example.org,34922
630,Michael,Fernandez,harry55@example.com,93083
631,Benjamin,Sanchez,shawnjohnson@example.org,35874
632,Bethany,Velez,petersonalyssa@example.com,91067
633,Ashley,Jordan,kmyers@example.net,92582
634,Amy,Hodge,xdawson@example.org,93184
635,Andrea,Mason,xcastro@example.com,37880
636,Jonathan,English,davidreyes@example.org,42718
637,Andre,Bowen,annacunningham@example.org,31679
638,Kyle,King,lward@example.org,50288
639,Lori,Carter,robertjenkins@example.net,60057
640,Charles,Porter,steeleandrea@example.net,78319
641,Shelby,Jenkins,paul10@example.org,65997
642,Megan,Cole,cathy02@example.com,52125
643,Alan,Anderson,ronnie98@example.net,38202
644,Tanya,Marshall,davidwalker@example.net,74485
645,Taylor,Guerrero,jenkinsrobert@example.net,98217
646,James,Ho,umills@example.net,48058
647,Benjamin,Harmon,delgadojohn@example.org,99933
648,Amy,Vasquez,akaiser@example.net,74673
649,David,Hawkins,jporter@example.org,37822
650,Jamie,Herrera,rhonda28@example.org,41946
651,Robert,Hickman,mollywebb@example.com,82079
652,Cody,Figueroa,qkelly@example.net,68893
653,Danielle,Jones,iguerrero@example.org,85268
654,Kevin,Hopkins,davidkramer@example.com,85422
655,Christine,Manning,mendezlauren@example.com,55700
656,Joseph,Nguyen,rmoreno@example.com,44690
657,Sarah,Snow,lisawilliams@example.org,66671
658,Kimberly,Gonzalez,imay@example.com,34834
659,Robin,Curry,gharvey@example.com,40740
660,Timothy,Parks,bfloyd@example.com,96229
661,Emily,White,mooreemma@example.net,79287
662,Joanna,Harris,williamlin@example.net,58393
663,Amy,Wilson,eric57@example.com,66795
664,Jack,Walker,gtaylor@example.net,90177
665,Christopher,Schaefer,dwilliamson@example.net,82841
666,Robert,Stephens,shawdoris@example.com,40180
667,Daniel,Contreras,dawn85@example.net,42314
668,Victor,Potter,anthonylee@example.org,44582
669,Morgan,Rivera,johnsonjoel@example.org,72933
670,Amy,Dennis,meghansmith@example.org,78779
671,Kelly,Welch,grogers@example.net,80787
672,Robert,Charles,dean15@example.com,61340
673,Elizabeth,Newton,danielroberts@example.net,63003
674,Mary,Decker,ilong@example.org,69986
675,Cesar,Lopez,phenderson@example.net,59066
676,Christine,Cunningham,daniel37@example.net,36826
677,Beth,Jordan,brendapetty@example.net,94452
678,William,Dunn,carl37@example.org,43430
679,Paul,Hill,freemancynthia@example.net,81852
680,Joshua,Haney,anthony86@example.net,37886
681,Eric,Mccoy,scottdeanna@example.org,53575
682,Danny,Adkins,carlos10@example.org,42489
683,Stacey,Snyder,steven43@example.com,64923
684,Michael,Schneider,juliacruz@example.net,67674
685,Brittany,Gonzales,reevesjoseph@example.net,56659
686,Lauren,Butler,frenchmichael@example.com,36113
687,Kim,Tran,christian16@example.org,55757
688,Vernon,Barnett,daniel43@example.net,97918
689,Sara,Thompson,petersonscott@example.org,67629
690,Robert,Ramsey,awhite@example.org,64306
691,Kristin,Gutierrez,tuckerbrooke@example.com,41845
692,Bryan,Jones,tritter@example.net,85781
693,Margaret,Taylor,williamsmackenzie@example.com,91470
694,Anthony,Watson,ythomas@example.net,77769
695,Steve,Gutierrez,garnerkeith@example.com,46529
696,Melanie,Kidd,sarah10@example.net,47401
697,Cynthia,Rose,reynoldsallison@example.org,88562
698,Robert,Greene,chrisbarry@example.com,79220
699,Brandon,Thomas,cory73@example.com,60526
700,Stanley,Wheeler,nicole69@example.net,89862
701,Vincent,English,hgomez@example.net,64501
702,Michael,Cook,evanskristina@example.net,42966
703,Allison,Acosta,brandon42@example.org,70766
704,Jason,Randolph,holly51@example.net,98154
705,Ronald,Wiley,gvega@example.com,67503
706,Cindy,Leblanc,awilson@example.com,59912
707,Kristen,Cox,josemeyer@example.com,60308
708,Kristin,Coleman,albertfoster@example.org,82780
709,Maria,Moore,owillis@example.org,91467
710,Bryan,Guerrero,morrisonkimberly@example.org,80107
711,Michael,Hicks,josephmason@example.net,69454
712,Matthew,Ortega,jeffrey65@example.com,90636
713,Nicholas,Wright,nicholsleah@example.org,79668
714,Greg,Goodwin,catherine90@example.org,58401
715,David,Welch,glennkathleen@example.net,98289
716,Mark,Gross,tbrock@example.org,71857
717,Christopher,Weiss,tammybrock@example.org,38933
718,John,Good,fmcdonald@example.com,32465
719,Erik,Kelly,brianmartin@example.com,99444
720,Melissa,Chapman,vcontreras@example.org,66896
721,Nicholas,Mclean,gonzalezbarbara@example.com,38379
722,Paul,Morris,james26@example.org,61038
723,Patricia,Carlson,peterjones@example.com,98920
724,William,George,qlawson@example.org,32415
725,Lauren,Dixon,scottmartinez@example.com,54348
726,Michele,Smith,joyferguson@example.net,65846
727,Abigail,Miller,eileen42@example.org,62581
728,William,Miller,nescobar@example.org,33051
729,Devon,Perry,halemary@example.org,31305
730,Dennis,Ford,dianalane@example.net,72354
731,Charles,Pierce,perezhannah@example.net,91047
732,Rhonda,Harrington,bbruce@example.net,60625
733,Paul,Jenkins,kmartin@example.org,70665
734,Justin,Page,david41@example.org,52116
735,Nathaniel,Phillips,bethany26@example.com,58826
736,Steven,French,lowens@example.org,50678
737,Taylor,Ramos,khuang@example.org,76256
738,Sue,Stout,madison98@example.org,76878
739,Amanda,Cummings,jordan56@example.org,66162
740,Brandon,Rogers,traviscarlson@example.com,56193
741,Pamela,Clark,hoffmankyle@example.com,78549
742,Crystal,Page,steeleadam@example.com,59736
743,Sheila,Stokes,mlong@example.net,89972
744,Amanda,Gutierrez,juarezmichael@example.net,40124
745,Logan,Allen,phillip89@example.com,66955
746,Blake,Garcia,stephen37@example.com,82864
747,Darryl,Elliott,faulknerkenneth@example.com,56961
748,Michelle,Cunningham,christophermunoz@example.org,31264
749,Elizabeth,Nguyen,john92@example.com,33948
750,Carolyn,Cruz,hernandezbrittany@example.org,76830
751,James,Robbins,amanda63@example.net,75880
752,Michael,Lopez,robertwallace@example.org,34108
753,Isaac,Huff,juliemyers@example.com,51729
754,Sandy,Nelson,thomas70@example.org,83952
755,Caitlin,Jones,nicole33@example.org,60617
756,Ashley,Poole,laracarol@example.org,86144
757,Cheryl,Spencer,jgriffith@example.com,43577
758,Robyn,Clark,connorday@example.net,82654
759,Amanda,Williams,kimberly03@example.com,64091
760,Amber,Moody,michael75@example.com,73311
761,Sarah,Bailey,yschwartz@example.org,67117
762,Sarah,Wallace,david35@example.org,77741
763,Brandon,Franco,cjones@example.net,55611
764,Antonio,Miller,lbradley@example.org,95102
765,Tammy,Coffey,brooke13@example.net,77064
766,Reginald,Brown,lisa70@example.org,67198
767,David,Lin,melaniemcdonald@example.net,74318
768,Phillip,Lloyd,abentley@example.com,41234
769,Adam,Walsh,guzmanedward@example.net,69801
770,Randy,Ayala,jaimethompson@example.net,45712
771,Thomas,Meyer,tayloremily@example.net,58798
772,Robert,Evans,zwilson@example.org,37351
773,Heather,Collins,vmcmahon@example.net,57995
774,Michelle,Ruiz,graceryan@example.org,57828
775,Andrea,Harrison,rogerguzman@example.net,72505
776,Lindsay,Crane,allison93@example.org,47957
777,Wanda,Rivera,dianabrown@example.com,39962
778,Adrienne,Mcknight,natalie90@example.com,56280
779,Becky,Jones,ocraig@example.net,93517
780,Amanda,Scott,brendaleblanc@example.org,49263
781,Desiree,Delgado,matthew81@example.net,91764
782,Nina,Hill,lucasmaria@example.org,93309
783,Ann,Martinez,vincent94@example.net,80771
784,Dana,Garza,chayes@example.org,61171
785,Aaron,Floyd,sharonmooney@example.org,97856
786,Mitchell,Austin,barrjanet@example.org,51618
787,Kelly,Austin,duncankenneth@example.net,54500
788,Laura,Garcia,kcross@example.org,80174
789,Sarah,Powell,ymiller@example.com,90514
790,Donald,Allison,evasquez@example.net,83594
791,Paula,Reid,craighunter@example.com,85567
792,Joe,Gonzales,micheal53@example.org,33783
793,Melissa,Vasquez,gonzalezeric@example.com,63971
794,Pam,Molina,agonzalez@example.net,35452
795,Susan,Molina,anthonyvelazquez@example.org,83020
796,Kimberly,Nelson,isanders@example.com,72851
797,Brian,Reid,rolson@example.net,62273
798,Douglas,Huffman,qrodriguez@example.com,99527
799,Sean,Bailey,tmartin@example.net,53973
800,Suzanne,Dunn,moorewilliam@example.com,80163
801,Thomas,Aguilar,ryanjones@example.net,78221
802,Matthew,Mullins,jenkinswilliam@example.org,30679
803,Christine,Thomas,jacquelineroach@example.org,93439
804,Austin,Garcia,steven03@example.net,66116
805,Morgan,Malone,kflowers@example.net,98636
806,Brittney,Blair,lperez@example.com,88599
807,Jessica,Gonzalez,cheyennezimmerman@example.org,73256
808,Dustin,Pierce,douglasday@example.com,96216
809,Richard,Garza,jcastillo@example.net,54698
810,Amanda,Cruz,michael69@example.net,94289
811,Holly,Hoover,mariaperez@example.net,90175
812,Barbara,Palmer,castillojoan@example.net,61127
813,Justin,Garcia,thomas62@example.org,81061
814,Michelle,Johnson,georgedonald@example.com,56326
815,Peter,Mccoy,ronald13@example.com,52766
816,Mark,James,ronald46@example.net,66202
817,Jay,Wilson,vdelgado@example.com,61090
818,Stephen,Carter,uwells@example.net,47762
819,Heather,Massey,kingsusan@example.net,87046
820,Tonya,Nichols,lisahill@example.net,38387
821,Christina,Rowland,obrienjames@example.org,61122
822,Jessica,Wise,nelsonharold@example.com,94702
823,James,Moreno,ipetersen@example.com,78097
824,Anthony,Garcia,privera@example.net,94561
825,Gina,Hill,samantha17@example.net,73217
826,Calvin,Mitchell,randerson@example.net,85376
827,David,Hughes,smithdavid@example.net,95452
828,Clifford,Brown,nicholas99@example.com,79264
829,Holly,Waters,lcross@example.com,63476
830,Erica,Boyd,randy47@example.com,72282
831,Anita,Wilson,yramos@example.org,77427
832,Jonathan,Castaneda,powersrebecca@example.com,74797
833,Mallory,Robles,davidsavage@example.org,84253
834,Dakota,Hill,mezaderrick@example.com,89105
835,William,Lane,smithronald@example.com,68190
836,Jennifer,Moses,matthewdaniels@example.com,48978
837,John,Morales,evansbrian@example.com,45091
838,James,Gates,brandon18@example.net,47329
839,Andrew,Moran,apriljohnson@example.com,99011
840,Kimberly,Bishop,deckertina@example.org,98614
841,Bryan,Jones,rileymelissa@example.com,44961
842,Jonathan,Munoz,hmiller@example.org,46866
843,John,Randolph,christopher29@example.com,66263
844,Jamie,Alvarez,garyallen@example.com,92895
845,Christopher,Hamilton,zmitchell@example.net,85040
846,Theresa,Bowers,hillscott@example.com,49023
847,Dennis,Davis,austinrodriguez@example.net,69808
848,David,Benitez,gthomas@example.net,84105
849,Timothy,Parker,smithroy@example.org,37695
850,Holly,Mejia,christina94@example.org,92253
851,Erik,Tran,anthony43@example.org,33788
852,Melissa,White,sholloway@example.com,89639
853,Jennifer,Cole,phillipbutler@example.com,31637
854,Barbara,Jones,tarasanders@example.net,96336
855,Derek,Mckenzie,smithwilliam@example.com,30726
856,Daniel,Butler,farnold@example.com,69139
857,Keith,Cox,fevans@example.com,89267
858,William,Briggs,albert14@example.org,83969
859,Christopher,Harvey,uterrell@example.net,97207
860,Katherine,Mcpherson,paul52@example.net,66156
861,Steven,Hill,daniel11@example.com,32974
862,Robert,Snyder,stephaniecastillo@example.net,87923
863,Jennifer,Dillon,kochrobert@example.org,72923
864,Michelle,Alexander,chowell@example.com,33886
865,Lauren,Cole,thomasalexander@example.net,70905
866,Cheryl,Davis,susanschmitt@example.net,52807
867,Andrea,Graham,arthurmckay@example.net,53633
868,William,Mcdonald,mark37@example.com,64484
869,Laura,Carlson,padillaashley@example.net,79546
870,Joshua,Wright,michaelyoung@example.com,45898
871,Victoria,Thomas,jamesstephens@example.net,37619
872,Katelyn,Barnes,vthomas@example.com,63040
873,Robin,Osborn,frankharris@example.com,82785
874,Roberto,Howard,fwalters@example.net,71165
875,Nicholas,Wong,qperry@example.net,82342
876,Katrina,Calderon,richardsonbrianna@example.net,31470
877,Daniel,Bailey,thomas77@example.com,42090
878,Patrick,Hunt,sullivansally@example.com,68222
879,Melissa,Smith,michaelturner@example.org,99890
880,Carl,Griffin,xbeck@example.com,31644
881,Joshua,Wilson,ygarner@example.com,44923
882,Daniel,Adams,frostjeffrey@example.com,38617
883,Vincent,Webb,tristanmoore@example.net,88140
884,Amber,Johnson,owiley@example.net,33121
885,Robert,Nguyen,william10@example.org,36617
886,Sarah,White,kpratt@example.org,63129
887,Kiara,Gonzalez,josewilson@example.org,80383
888,Leslie,Smith,connieolson@example.net,56272
889,Keith,Thomas,richardsonisaac@example.com,46089
890,Travis,Jenkins,brianna20@example.com,87551
891,Zachary,Giles,jonesangela@example.net,68157
892,Brenda,Williams,jodibrewer@example.com,60978
893,Manuel,Smith,shawn82@example.com,92682
894,Catherine,Smith,kristina49@example.com,47952
895,Logan,Guerrero,william27@example.org,73257
896,George,Jones,vlambert@example.org,88774
897,Raymond,Dean,tyler36@example.net,98626
898,Edward,Sanchez,pthomas@example.com,90302
899,Jennifer,Coleman,stacey08@example.com,75212
900,Seth,Johnson,erica09@example.net,54273
901,Nicholas,Reed,kaitlyn27@example.net,97260
902,Zachary,Vasquez,whiterobert@example.org,71634
903,Brian,Patrick,bryantkrista@example.org,55064
904,John,Shannon,hernandezjackson@example.net,99415
905,Marvin,Ford,karenbrown@example.com,51205
906,Tammy,Nguyen,steven75@example.org,95593
907,Katie,Floyd,lpayne@example.org,33058
908,John,Thomas,norriscassandra@example.com,43771
909,John,Ortiz,myoung@example.com,75603
910,Tiffany,James,carla16@example.net,99454
911,Jennifer,Gonzalez,tolson@example.com,97804
912,Marvin,Johnson,brenda23@example.net,64472
913,Christine,Brown,wdavis@example.org,53467
914,Rodney,Allen,hectorguzman@example.net,94707
915,Courtney,Black,bgutierrez@example.com,59863
916,Vanessa,Brady,taylorstephen@example.net,79385
917,Brenda,Johnston,savagepam@example.org,54405
918,John,Valdez,nhowell@example.org,71706
919,Brian,Nelson,grahamdonald@example.org,82248
920,Jonathan,Ryan,smithdavid@example.com,76652
921,Derek,Gordon,jamescollins@example.com,92978
922,Brian,Allen,oroberts@example.net,94180
923,Susan,Allison,connor68@example.org,31561
924,Steven,Baker,dhayes@example.com,51147
925,Bonnie,Bradley,rbrowning@example.com,89050
926,James,Massey,ejones@example.org,64993
927,Steven,Ward,oreeves@example.org,95508
928,Jennifer,Harper,wrightmartha@example.net,53287
929,Robert,Dudley,codykelley@example.net,44649
930,Shaun,Palmer,ywalker@example.net,56853
931,Ariel,Maxwell,jerrysampson@example.net,54225
932,Steve,Cooper,lucas07@example.net,63110
933,Paul,Gill,gloriaward@example.org,90790
934,Scott,Hubbard,cassandrasmith@example.net,92824
935,Michael,Wu,andersonmichael@example.com,78176
936,Randy,Stephens,perezmeredith@example.org,99529
937,Angela,Lynch,ayaladavid@example.com,91000
938,Bonnie,Fitzpatrick,lopezlauren@example.net,76035
939,Oscar,Norris,tiffany52@example.com,98474
940,Daniel,Dennis,roblesjoseph@example.com,81722
941,Melanie,Burns,cherylespinoza@example.org,40267
942,Justin,Shaffer,carsoncarl@example.org,82267
943,Mary,Lopez,jasmineschwartz@example.net,91269
944,Loretta,Novak,mary47@example.org,86840
945,Robin,Farrell,ocarson@example.org,86594
946,Jesus,King,franklinjoel@example.net,34267
947,Stacey,Miller,clarkvictoria@example.com,30091
948,Sarah,Gilmore,cody27@example.net,37436
949,Randall,Rodriguez,nmurphy@example.net,88584
950,Pamela,Nguyen,regina49@example.org,50132
951,Christopher,Woods,carpentercaleb@example.com,62484
952,Lindsey,Garza,caitlinbender@example.org,59765
953,Aaron,Marquez,clarkmelanie@example.org,46094
954,Megan,Foster,michaelprice@example.com,31104
955,Adriana,Hernandez,dianapotter@example.net,81262
956,Cynthia,Zuniga,barnesandrew@example.org,47341
957,Nancy,Andrews,kleinjanet@example.org,74978
958,Shannon,Meyers,nicholas53@example.com,54268
959,Carlos,Hayden,perkinsdebbie@example.net,67807
960,Carol,Robinson,katrinadorsey@example.org,63142
961,Melanie,Johnson,morganjennifer@example.org,47595
962,Lori,Livingston,stokesbrian@example.org,38679
963,Monica,Harrison,nicolepollard@example.net,37925
964,Deborah,Rocha,hannahbrady@example.com,55235
965,Matthew,Patel,beckerrobin@example.org,93483
966,Megan,Harris,mooresusan@example.com,42093
967,Meghan,Vazquez,mckayamber@example.net,99797
968,David,Barnett,delgadoemily@example.org,38508
969,Christopher,Welch,robert44@example.com,95260
970,Christopher,Wolf,joshua44@example.org,81701
971,John,Ford,wilsondale@example.org,75228
972,Richard,Adams,penningtonbarbara@example.com,67277
973,Elizabeth,Walker,tammymcpherson@example.net,75097
974,Phillip,Ford,stephaniegonzalez@example.net,76244
975,Karen,Smith,owenrickey@example.org,54116
976,Christine,Mclaughlin,melissaharris@example.net,68588
977,Juan,Farrell,uherrera@example.org,80318
978,Mary,Warner,megan40@example.org,51376
979,Elizabeth,Campbell,nixonelizabeth@example.org,42816
980,Linda,Johnson,wlowe@example.net,93593
981,Phillip,Roberts,alexdaniel@example.net,76613
982,Sarah,Stuart,fishermichael@example.org,57688
983,Deborah,Deleon,rperez@example.net,32170
984,Richard,Warner,garciashirley@example.net,77923
985,Brittany,Osborne,april62@example.com,63545
986,Misty,Barker,ttran@example.org,69783
987,Amy,Schultz,watkinsdenise@example.com,45531
988,Vanessa,Callahan,kellyjoe@example.com,91162
989,Eric,Kirby,maurice93@example.net,46034
990,Heather,Nash,xbernard@example.org,82555
991,Christine,Day,ebutler@example.org,64011
992,Roberta,Barnett,claudia93@example.com,83051
993,Nicholas,Flores,amberhudson@example.com,47814
994,Jessica,Torres,hendrixjennifer@example.org,89602
995,Heather,Mckay,jonesanthony@example.net,46165
996,Bruce,West,snyderryan@example.org,43632
997,Laura,Gomez,jacobpeters@example.net,89098
998,Bryan,Jones,haneykevin@example.org,31445
999,Erica,Buckley,teresaburnett@example.com,41594
1000,Kevin,Ferguson,maryortega@example.net,38517
